Радио СИ (Екб.)	http://online.radioc.ru:8000/radioc_aacplus	0
Радио Вышка - Екатеринбург	http://stream.vyshka24.ru:80/192	0
Волна-FM (Екб.)	http://radio.volnafm.ru:8000/ekb	0
Love Radio 98.5 FM (Екб.)	http://stream2.n340.com:80/12_love_64_reg_60967?type=.aac&UID=16706177CB4292202AFAB293EA798CAD	0
Хит-ФМ 88,3 - (Екб.)	http://online2.gkvr.ru:8000/hitfm_eka_64.aac	0
Радио Пилот 100,4 FM (Екб.)	http://online.pilotfm.ru:8000/pilot_aacplus	0
Пилот FM-Dance (Екб.)	http://online.pilotfm.ru:8000/pilot_dance_mp3	0
Пилот FM-Lounge (Екб.)	http://online.pilotfm.ru:8000/pilot_lounge_mp3	0
Пилот FM-Secret (Екб.)	http://online.pilotfm.ru:8000/pilot_secret_mp3	0
Серебряный дождь 88,8 FM (Екб.)	http://213.59.4.27:8000/silver128.mp3	0
Радио NRJ (Екб.)	http://pub0302.101.ru:8000/stream/reg/mp3/128/region_energy_60	10
Радио Монте-Карло (Екб.)	http://online-1.gkvr.ru:8000/mc_eka_64.aac	0
Radio Monte Carlo	http://node-10.zeno.fm/953wvvz4gseuv?rj-ttl=5	0
Европа Плюс (Екб.)	http://online-1.gkvr.ru:8000/europa_eka_64.aac	0
Русское радио	http://rusradio.hostingradio.ru:80/rusradio96.aacp	0
Город FM (Екб.)	http://radio.gorodfm.ru:8000/gorodfm?.mp3	0
Радио Premium	http://listen.rpfm.ru:9000/premium128	0
Авторадио	http://ic5.101.ru:8000/v3_1	0
Радио Дача 104,1 FM (Екб.)	http://stream.radiodacha.ru:80/14_dacha_64?type=.aac&UID=16706177CB4292202AFAB293EA798CAD	0
Радио Рекорд (Екб.)	http://online-1.gkvr.ru:8000/record_eka_64.aac	0
Радио Шансон (Екб.)	http://online-1.gkvr.ru:8000/chanson_eka_64.aac	0
Детское Радио (Екб.)	http://pub0302.101.ru:8000/stream/reg/mp3/128/region_deti_5	0
Дорожное Радио (Екб.)	http://emgregion.hostingradio.ru:8064/ekb.dorognoe.mp3	0
Камеди Радио (Екб.)	http://pub0302.101.ru:8000/stream/reg/mp3/128/region_comedy_9	0
Наше Радио (Екб.)	http://nasheekt.hostingradio.ru/nasheekt128.mp3	0
Новое Радио (Екб.)	http://emgregion.hostingradio.ru:8064/ekb.novoe.mp3	0
Радио Studio 21 (Екб.)	http://emgregion.hostingradio.ru:8064/ekb.s21.mp3	0
Радио Лето FM (Екб.)	http://online.radioletofm.ru:8000/radioletofm	0
Радио Маяк (Екб.)	http://icecast-vgtrk.cdnvideo.ru/ural_radio_mayak	0
Радио Рок Арсенал (Екб.)	http://online.rockarsenal.ru:8000/rockarsenal	0
НАШЕ Радио	http://nashe3.hostingradio.ru:80/nashe-128.mp3.m3u	0
Интерра FM (П.Урал.)	http://ice.interra.fm:8000/barix	0
Континенталь (Члб.)	http://stream01.radiocon.ru:8000/live	0
Модель для сборки (аудиокниги)	http://mds-station.com:8000/mds	0
Радио Фантастики (разговорное)	http://fantasyradioru.no-ip.biz:8002/live	0
Радио КНИГА	http://bookradio.hostingradio.ru:8069/fm	30
100Hitz - Alternative	http://206.217.213.235:8230/	0
Дорожное Радио	http://dorognoe.hostingradio.ru:8000/radio	0
Спокойное радио	http://listen1.myradio24.com:9000/6262	0
Радио Ретро FM	http://retroserver.streamr.ru:8043/retro128	0
Радио Страна FM	http://icecast.stranafm.cdnvideo.ru:80/stranafm_128	0
Радио Шансон	http://chanson.hostingradio.ru:8041/chanson256.mp3	0
Радио Свежее	http://emg02.hostingradio.ru:80/fresh64.aac	0
BestMMX - BeachClub	http://best.streamr.ru:80/best-128.mp3	0
Capital FM 105,3	http://icecast.vgtrk.cdnvideo.ru:80/moscowfmen128	0
Retro	http://retroserver.streamr.ru:8043/retro128	0
Russian DNB FM	http://go.dnbfm.ru:8000/play	0
Легенды FM	http://live.legendy.by:8000/legendyfm	0
Теплое Радио Нетоп FM	http://radio2.teploe.net:8000/teploeradio	0
Bells - Хиты 70-80х	http://listen.radionomy.com:80/alltime70s80sgreatest	0
DANCE - ALIUSART fm	http://www.aliusart.ru:8004/;stream.nsv?99	0
EuropaRussia	http://europarussia.ru:8000/live	0
Europa Plus	http://europaplus.hostingradio.ru:8014/europaplus320f.mp3	0
Europa Plus TOP-40	http://eptop128server.streamr.ru:8033/eptop128	0
Europa Plus New	http://emg02.hostingradio.ru:80/ep-new128.mp3	0
Europa Plus Light	http://emg02.hostingradio.ru:80/ep-light128.mp3	0
Europa Plus Party	http://epdop.hostingradio.ru:8033//epparty128.mp3	0
Europa Plus Residance	http://emg02.hostingradio.ru:80/ep-residance128.mp3	0
Europa Plus Urban	http://epdop.hostingradio.ru:8033/ep-urban128.mp3	0
Europa Plus Acoustic	http://epdop.hostingradio.ru:8033/acoustic128.mp3	0
Enigmatic Station I	http://listen2.myradio24.com:9000/8226	0
Dorognoe frontovaya	http://dorognoe.hostingradio.ru:8000/dorognoe1945.mp3	0
Радио Paradise	http://stream.radioparadise.com:80/aac-320	0
Душевное Радио	http://air.volna.top:80/DushevnoeRadio48	0
Русские Песни	http://listen.rusongs.ru:80/ru-mp3-128	0
Радио Heart FM	http://gtrk22.ru:8000/HFMhigh	0
Эльдорадио	http://emgspb.hostingradio.ru:80/eldoradio128.mp3	0
Искатель	http://iskatel.hostingradio.ru:8015/iskatel-128.mp3	0
Радио Пилот	http://online.tv-pilot.ru:1027/pilotradio	0
Радио Пассаж	http://listen.radiopassazh.ru:80/mp3-128	0
Rock MMX	http://nashe2.hostingradio.ru:80/rock-128.mp3	0
Premium FM	http://listen.rpfm.ru:9000/premium128	0
Пирамида FM	http://91.211.56.218:8080/piramida/nazarovo	0
Retro '70s	http://retro70.hostingradio.ru:8025/retro70-128.mp3	0
Кекс FM	http://emg02.hostingradio.ru:80/keksfm64.aac	0
Radio Classic	http://jfm1.hostingradio.ru:14536/rcstream.mp3	0
Европа Плюс - New	http://emg02.hostingradio.ru:80/ep-new128.mp3	0
Радио Сибирь	http://stream.radiosibir.ru:8090/HQ	0
L Радио	http://96mp3.lradio.ru:8000/lradio.stereo.96.mp3	0
Радио ULTRA	http://nashe3.hostingradio.ru:80/ultra-128.mp3	0
Ретро ФМ	http://retroserver.streamr.ru:8043/retro256.mp3	0
Радио Yum FM	http://yumfm.hostingradio.ru:8020/yumfm128.mp3	0
Радио Модное	http://cast.modnoeradio.ru:8000/mp128	20
Радио Мелодия	http://icecast.mediaalliance.cdnvideo.ru:80/mediaalliance	10
SomaFM Live	http://ice3.somafm.com:80/live-128-aac	0
SomaFM Mission Control	http://ice4.somafm.com:80/missioncontrol-128-aac	0
SomaFM Dub Step Beyond	http://ice6.somafm.com:80/dubstep-128-aac	0
SomaFM Drone Zone	http://ice2.somafm.com:80/dronezone-128-aac	0
SomaFM Lush	http://ice3.somafm.com:80/lush-128-aac	0
SomaFM DEF CON Radio	http://ice5.somafm.com:80/defcon-128-aac	0
SomaFM Deep Space One	http://ice5.somafm.com:80/deepspaceone-128-aac	0
SomaFM Fluid	http://ice3.somafm.com:80/fluid-128-aac	0
SomaFM Groove Salad	http://ice5.somafm.com:80/groovesalad-128-aac	0
SomaFM Space Station	http://ice5.somafm.com:80/spacestation-128-aac	0
SomaFM Specials	http://ice3.somafm.com:80/specials-128-aac	0
SomaFM Beat Blender	http://ice5.somafm.com:80/beatblender-128-aac	0
DreamStream	http://stream.laut.fm:80/dreamstream	0
Радио За облаками	http://195.88.63.114:8000/zaoblakami	10
Радио Хорошего Настроения	http://188.93.129.110:8000/fm1018	0
Радио-Н	http://online.radio-n.ru:8000/radio	0
Леопард	http://radio-server.imfurry.ru:8000/iceleo192	0
Радио MixFM	http://radio.gubernia.com:8000/radio3	0
Радио Jazz	http://jazz.streamr.ru:80/jazz-128.mp3	0
Радио Шоколад	http://choco.hostingradio.ru:10010/fm	0
Интерволна	http://online.intervolna.ru:8001/radio128	0
БИМ Радио	http://av.bimradio.ru:8066/bim_mp3_128k	0
Радио 161 FM	http://stream.161.fm:8000/128	0
Discover Trance	http://paris.discovertrance.com:8008/;stream.nsv	0
Радио Образ	http://213.177.106.78:8006/;?2578	0
Dance Wave!	http://stream.dancewave.online:8080/dance.mp3	0
Trance Century Radio	http://109.105.59.27:8000/tcr128	0
Solo Piano Radio	http://pianosolo.streamguys.net:80/live	0
Юнитон	http://online.uniton.ru:8300/RadioUniton192	0
Старое Радио	http://server.audiopedia.su:8000/music128	0
Большое Радио	http://listen2.myradio24.com:9000/8286	0
Радио Буу!	http://buu.hostingradio.ru:8005/radio	0
Радио 13	http://play.radio13.ru:80/	0
THT MUSIC RADIO	http://tntradio.hostingradio.ru:8027/tntradio128.mp3	0
Литературное Радио	http://79.137.234.183:8000/;stream.nsv	20
CalmRadio - Latin Pop Chart	http://streams.calmradio.com:20128/stream	0
CalmRadio - Tibet	http://streams.calmradio.com:6528/stream	0
CalmRadio - Love Songs	http://streams.calmradio.com:25628/stream	0
CalmRadio - Shazam TOP 500	http://streams.calmradio.com:18628/stream	0
Радио Шок	http://spb.radioshock.ru:80/radioshock	0
Радио Родных Дорог	http://stream1.radiord.ru:8000/live96.aac	0
Радио Картина	http://rs.kartina.tv:80/kartina_128kb	0
DJ_Dron Radio	http://djdron.ddns.net:80/	0
Радио Рекорд	https://radio-srv1.11one.ru:443/record192k.mp3	0
Relax FM 94.9 FM	https://pub0301.101.ru:8443/stream/air/mp3/256/200	0
Русский Хит 98.1 FM	https://rusradio.hostingradio.ru/rusradio128.mp3	0
Новое Радио 98.5 FM	https://emgregion.hostingradio.ru:8064/voronezh.novoe.mp3	0
Юмор FM 99.1 FM	https://pub0301.101.ru:8443/stream/air/mp3/256/102	0
Европа Плюс 100.3 FM	https://ep256.hostingradio.ru:8052/europaplus256.mp3	0
НАШЕ Радио 100.7 FM	https://nashe1.hostingradio.ru:443/nashe-256	0
Energy 101.1 FM	https://pub0202.101.ru:8443/stream/reg/mp3/128/region_energy_65	0
Радио 7 на семи холмах 101.6 FM	https://emgregion.hostingradio.ru:8064/voronezh.radio7.mp3	0
Дорожное радио 102.3 FM	https://dorognoe.hostingradio.ru:443/radio	0
Шансон 102.8 FM	https://chanson.hostingradio.ru:8041/chanson256.mp3	0
Авторадио 103.4 FM	https://pub0301.101.ru:8443/stream/air/mp3/256/100	0
Love Radio 103.8 FM	http://c2.auracast.net:8097/stream?type=.aac	0
DFM 104.3 FM	http://live.borneo.ru:8888/dfm128	0
Ретро FM 105.3 FM	https://retro.hostingradio.ru:8043/retro256.mp3	0
Maximum 106.1 FM	https://maximum.hostingradio.ru:443/maximum128.mp3	0
Мелодия 106.8 FM	http://icecast.mediaalliance.cdnvideo.ru/mediaalliance	0
Борнео 107.2 FM	http://live.borneo.ru:8888/128	0
Дача 107.6 FM	https://listen.vdfm.ru:8000/dacha	0
Юность	http://icecast.vgtrk.cdnvideo.ru/unost	0
Радио Ваня	http://icecast-radiovanya.cdnvideo.ru:8000/radiovanya	0
Маруся FM	https://radio-holding.ru:9433/marusya_default	0
Love Radio	https://icecast-newradio.cdnvideo.ru/newradio3	0
Record-Live Dj Sets	http://radiorecord.hostingradio.ru:80/livedjsets96.aacp	0
Record Moldova	http://212.56.220.74:8000/RecordMD	0
Кекс FM	https://dorognoe.hostingradio.ru:443/keksfm64.aac	0
NU EUPHORIA Trance Moscow	http://194.87.111.252:8000/live	0
House - 101.ru	https://pub0302.101.ru:8443/stream/trust/mp3/128/10	0
Дискотека 90-х	http://listen1.myradio24.com:9000/5967	0
Donat FM - Музыка СССР (Music of the USSR)	http://c6.radioboss.fm:8098/stream	0
Donat FM - Зарубежные хиты (Foreign hits)	http://c6.radioboss.fm:8089/stream	0
Для Двоих	https://icecast-radiofortwo.cdnvideo.ru:443/radiofortwo	0
Волшебный Шансон	http://listen2.myradio24.com:9000/8144	0
Ретро FM 70e	http://retro70.hostingradio.ru:8025/retro70-128.mp3	0
Best FM	https://nashe1.hostingradio.ru:443/best-256	0
Viva Eurodance	http://stream.radioextra-bg.net:8000/viva-eurodance	0
90s Eurodance	https://listen1.myradio24.com:443/5967	0
Дискотека 80-х & 90-х	https://listen4.myradio24.com:443/dance80	0
RADCAP - Hardstyle	http://79.111.14.76:8000/hardstyle	0
RADCAP - DRUM&BASS	http://79.111.14.76:8000/drumbass	0
RADCAP - Hard Trance	http://79.120.77.11:8000/hardtrance	0
RADCAP - Forest Psytrance	http://213.141.131.10:8000/forestpsytrance	0
RADCAP - Dream Trance	http://79.120.39.202:8000/dreamtrance	0
RADCAP - Uplifting Trance	http://79.111.119.111:8000/upliftingtrance	0
RADCAP - Progressive Psytrance	http://79.120.39.202:8000/psyprog	0
RADCAP - Progressive Trance	http://79.120.39.202:8000/progtrance	0
RADCAP - Trance	http://79.120.77.11:8000/trance	0
RADCAP - GOA Trance	http://79.120.39.202:8000/goatrance	0
RADCAP - Vocal Trance	http://79.120.39.202:8000/vocaltrance	0
RADCAP - PSY Trance	http://79.111.119.111:8000/psytrance	0
RADCAP - House	http://79.120.77.11:8000/house	0
RADCAP - Electro House	http://79.111.14.76:8000/electrohouse	0
RADCAP - Eurohouse	http://79.111.119.111:8000/eurohouse	0
RADCAP - Progressive House	http://79.111.119.111:8000/proghouse	0
RADCAP - Russian Club Dance	http://79.120.77.11:8000/clubru	0
RADCAP - Future Bass & Chill Trap	http://213.141.131.10:8000/futurebass	0
RADCAP - Electro House	http://79.111.14.76:8000/electrohouse	0
RR VIP House	https://radiorecord.hostingradio.ru:443/vip96.aacp	0
RR Epic-lounge	http://stream.epic-lounge.com/soft-house-lounge?ref=airable	0
RR Radio Record	https://radiorecord.hostingradio.ru:443/rr_main96.aacp	0
RR Summer Dance	https://radiorecord.hostingradio.ru:443/summerparty96.aacp	0
RR Organic	https://radiorecord.hostingradio.ru:443/organic96.aacp	0
RR Ambient	https://radiorecord.hostingradio.ru:443/ambient96.aacp	0
RR Chill House	https://radiorecord.hostingradio.ru:443/chillhouse96.aacp	0
RR Lo-Fi	https://radiorecord.hostingradio.ru:443/lofi96.aacp	0
RR Dream Pop	https://radiorecord.hostingradio.ru:443/dreampop96.aacp	0
RR Innocence	https://radiorecord.hostingradio.ru:443/ibiza96.aacp	0
RR Deep	https://radiorecord.hostingradio.ru:443/deep96.aacp	0
RR Tech House	https://radiorecord.hostingradio.ru:443/techouse96.aacp	0
RR Russian Mix	https://radiorecord.hostingradio.ru:443/rus96.aacp	0
RR Chill-Out	https://radiorecord.hostingradio.ru:443/chil96.aacp	0
RR Pirate Station	https://radiorecord.hostingradio.ru:443/ps96.aacp	0
RR Маятник Фуко	https://radiorecord.hostingradio.ru:443/mf96.aacp	0
RR Black Rap	https://radiorecord.hostingradio.ru:443/yo96.aacp	0
RR Trancemission	https://radiorecord.hostingradio.ru:443/tm96.aacp	0
RR Megamix	https://radiorecord.hostingradio.ru:443/mix96.aacp	0
RR Record Gold	https://radiorecord.hostingradio.ru:443/gold96.aacp	0
RR Big Hits	https://radiorecord.hostingradio.ru:443/bighits96.aacp	0
RR Remix	https://radiorecord.hostingradio.ru:443/rmx96.aacp	0
RR Russian Hits	https://radiorecord.hostingradio.ru:443/russianhits96.aacp	0
RR Супердискотека 90-х	https://radiorecord.hostingradio.ru:443/sd9096.aacp	0
RR Russian Gold	https://radiorecord.hostingradio.ru:443/russiangold96.aacp	0
RR Bass House	https://radiorecord.hostingradio.ru:443/jackin96.aacp	0
RR VIP House	https://radiorecord.hostingradio.ru:443/vip96.aacp	0
RR Trance Classics	https://radiorecord.hostingradio.ru:443/trancehits96.aacp	0
RR House Hits	https://radiorecord.hostingradio.ru:443/househits96.aacp	0
RR EDM	https://radiorecord.hostingradio.ru:443/club96.aacp	0
RR Minimal/Tech	https://radiorecord.hostingradio.ru:443/mini96.aacp	0
RR Tropical	https://radiorecord.hostingradio.ru:443/trop96.aacp	0
RR House Classics	https://radiorecord.hostingradio.ru:443/houseclss96.aacp	0
RR D'n'B Classics	https://radiorecord.hostingradio.ru:443/drumhits96.aacp	0
RR EDM Classics	https://radiorecord.hostingradio.ru:443/edmhits96.aacp	0
RR Future House	https://radiorecord.hostingradio.ru:443/fut96.aacp	0
RR RR Trap	https://radiorecord.hostingradio.ru:443/trap96.aacp	0
RR Rap Classics	https://radiorecord.hostingradio.ru:443/rapclassics96.aacp	0
RR Progressive	https://radiorecord.hostingradio.ru:443/progr96.aacp	0
RR Breaks	https://radiorecord.hostingradio.ru:443/brks96.aacp	0
RR Trancehouse	https://radiorecord.hostingradio.ru:443/trancehouse96.aacp	0
RR Rap Hits	https://radiorecord.hostingradio.ru:443/rap96.aacp	0
RR GOA/PSY	https://radiorecord.hostingradio.ru:443/goa96.aacp	0
RR Dream Dance	https://radiorecord.hostingradio.ru:443/dream96.aacp	0
RR Uplifting	https://radiorecord.hostingradio.ru:443/uplift96.aacp	0
RR Electro	https://radiorecord.hostingradio.ru:443/elect96.aacp	0
RR Future Bass	https://radiorecord.hostingradio.ru:443/fbass96.aacp	0
RR Neurofunk	https://radiorecord.hostingradio.ru:443/neurofunk96.aacp	0
RR Dancecore	https://radiorecord.hostingradio.ru:443/dc96.aacp	0
RR Liquid Funk	https://radiorecord.hostingradio.ru:443/liquidfunk96.aacp	0
RR Eurodance	https://radiorecord.hostingradio.ru:443/eurodance96.aacp	0
RR Dubstep	https://radiorecord.hostingradio.ru:443/dub96.aacp	0
RR Technopop	https://radiorecord.hostingradio.ru:443/technopop96.aacp	0
RR Techno	https://radiorecord.hostingradio.ru:443/techno96.aacp	0
RR Disco/Funk	https://radiorecord.hostingradio.ru:443/discofunk96.aacp	0
RR Hardstyle	https://radiorecord.hostingradio.ru:443/teo96.aacp	0
RR Tecktonik	https://radiorecord.hostingradio.ru:443/tecktonik96.aacp	0
RR Midtempo	https://radiorecord.hostingradio.ru:443/mt96.aacp	0
RR Synthwave	https://radiorecord.hostingradio.ru:443/synth96.aacp	0
RR Old School	https://radiorecord.hostingradio.ru:443/pump96.aacp	0
RR Hard Bass	https://radiorecord.hostingradio.ru:443/hbass96.aacp	0
RR Hypnotic	https://radiorecord.hostingradio.ru:443/hypno96.aacp	0
RR Moombahton	https://radiorecord.hostingradio.ru:443/mmbt96.aacp	0
RR 2-step	https://radiorecord.hostingradio.ru:443/2step96.aacp	0
RR Groove/Tribal	https://radiorecord.hostingradio.ru:443/groovetribal96.aacp	0
RR Christmas	https://radiorecord.hostingradio.ru:443/christmas96.aacp	0
RR Rave FM	https://radiorecord.hostingradio.ru:443/rave96.aacp	0
RR Jungle	https://radiorecord.hostingradio.ru:443/jungle96.aacp	0
RR Complextro	https://radiorecord.hostingradio.ru:443/complextro96.aacp	0
RR Гоп FM	https://radiorecord.hostingradio.ru:443/gop96.aacp	0
RR Rock	https://radiorecord.hostingradio.ru:443/rock96.aacp	0
RR 60's Dance	https://radiorecord.hostingradio.ru:443/cadillac96.aacp	0
RR 70's Dance	https://radiorecord.hostingradio.ru:443/197096.aacp	0
RR 80's	https://radiorecord.hostingradio.ru:443/198096.aacp	0
RR Руки Вверх!	https://radiorecord.hostingradio.ru:443/rv96.aacp	0
RR Веснушка FM	https://radiorecord.hostingradio.ru:443/deti96.aacp	0
RR Медляк FM	https://radiorecord.hostingradio.ru:443/mdl96.aacp	0
RR Нафталин FM	https://radiorecord.hostingradio.ru:443/naft96.aacp	0
RR Гастарбайтер FM	https://radiorecord.hostingradio.ru:443/gast96.aacp	0
RR Симфония FM	https://radiorecord.hostingradio.ru:443/symph96.aacp	0
1.FM - Absolute Trance	http://prmstrm.1.fm:8000/trance	0
1.FM BOM Psytrance	https://strm112.1.fm/psytrance_mobile_mp3	0
DE:TranceBase FM	http://aachd.stream.tb-group.fm:80/trb-hd.aac	0
SECTOR Progressive (ogg-vorbis)	http://89.223.45.5:8000/progressive-160	0
SECTOR Progressive (ogg-opus)	http://89.223.45.5:8000/progressive-56	0
SECTOR Progressive (flac)	http://89.223.45.5:8000/progressive-flac	0
SECTOR Progressive (mp3)	http://89.223.45.5:8000/progressive-mp3	0
SECTOR Space 56 (ogg-opus)	http://89.223.45.5:8000/space-56	0
SECTOR Space 192 (ogg-vorbis)	http://89.223.45.5:8000/space-160	0
SECTOR Space (flac)	http://89.223.45.5:8000/space-flac	0
SECTOR Space (mp3)	http://89.223.45.5:8000/space-mp3	0
SECTOR Nota 56 (ogg-opus)	http://89.223.45.5:8000/nota-56	0
SECTOR Nota 192 (ogg-vorbis)	http://89.223.45.5:8000/nota-160	0
SECTOR Nota (flac)	http://89.223.45.5:8000/nota-flac	0
SECTOR Nota (mp3)	http://89.223.45.5:8000/nota-mp3	0
SECTOR Geny 56 (ogg-opus)	http://89.223.45.5:8000/geny-56	0
SECTOR Geny 192 (ogg-vorbis)	http://89.223.45.5:8000/geny-160	0
SECTOR Geny (flac)	http://89.223.45.5:8000/geny-flac	0
SECTOR Geny (mp3)	http://89.223.45.5:8000/geny-mp3	0
SECTOR Next 56 (ogg-opus)	http://89.223.45.5:8000/next-56	0
SECTOR Next 192 (ogg-vorbis)	http://89.223.45.5:8000/next-160	0
SECTOR Next (flac)	http://89.223.45.5:8000/next-flac	0
SECTOR Next (mp3)	http://89.223.45.5:8000/next-mp3	0
SECTOR Indigo 56 (ogg-opus)	http://89.223.45.5:8000/indigo-56	0
SECTOR Indigo 192 (ogg-vorbis)	http://89.223.45.5:8000/indigo-160	0
SECTOR Indigo (flac)	http://89.223.45.5:8000/indigo-flac	0
SECTOR Indigo (mp3)	http://89.223.45.5:8000/indigo-mp3	0
SECTOR Zed 56 (ogg-opus)	http://89.223.45.5:8000/zed-56	0
SECTOR Zed 192 (ogg-vorbis)	http://89.223.45.5:8000/zed-160	0
SECTOR Zed (flac)	http://89.223.45.5:8000/zed-flac	0
SECTOR Zed (mp3)	http://89.223.45.5:8000/zed-mp3	0
GotRadio The 50's	http://pureplay.cdnstream1.com/6005_64.aac	0
Oldies108	https://radio.torchwoodhosting.com:7004/stream.nsv	0
RADIO Only Classic Soul	https://listen.soulradio.uk/uk?n=b3bb49f8a7877e56b753	0
Space Station Soma (mp3-128)	https://somafm.com/spacestation.pls	0
Space Station Soma (aac-128)	https://somafm.com/spacestation130.pls	0
San Francisco Police radio (mp3-128)	https://somafm.com/sf1033.pls	0
San Francisco Police radio (aac-128)	https://somafm.com/sf1033130.pls	0
Cool Oldies 96 radio	http://usa7.fastcast4u.com:5058/stream.nsv	0
Радио 1 Пловдив	http://25533.live.streamtheworld.com:80/RADIO_1AAC_L_SC	0
Радио Плевен (opus)	http://stream.metacast.eu/radio1.opus	0
Radio1 Rock (ogg)	http://149.13.0.81/radio1rock.ogg	0
California News Talk 980 CJME	https://rawlco.leanstream.co/CJMEAM?args=web_01	0
RealityRadio 101	https://www.streamcontrol.net:8444/s/10080	0
Европа Плюс (Усть-Илимск) (стоп)	http://193.33.233.109:8081/e.ogg	0
65-Big (asx)	http://stream.bigb21.nl:8002/	0
(flc) Intence Radio	http://secure.live-streams.nl/flac.flac	0
(flc) Paradise Main	http://stream.radioparadise.com/flac	0
(flcm) Paradise Main	http://stream.radioparadise.com/flacm	0
(flc) Paradise Mellow	http://stream.radioparadise.com/mellow-flac	0
(flc) Paradise Mellow	https://stream.radioparadise.com/mellow-flac	0
(flc) Paradise Rock	http://stream.radioparadise.com/rock-flac	0
(flc) Paradise Global	http://stream.radioparadise.com/global-flac	0
(flcm) Paradise Global	http://stream.radioparadise.com/global-flacm	0
(flc) Paradise World/Eclectic	http://stream.radioparadise.com/eclectic-flac	0
(flcm) Paradise Radio2050	https://stream.radioparadise.com/radio2050-flacm	0
(flc) Maxxima	http://maxxima.mine.nu:8000/maxx.ogg	0
(flc) Norbert - https	https://streams.norbert.de/zappa.flac	0
(flc) Norbert - shoutcast	http://streams.norbert.de:8000/zappa.flac	0
(flc) Dance Wave	https://dancewave.online/dance.flac.ogg.m3u	0
(flc) Dance Wave Retro!	https://retro.dancewave.online/retrodance.flac.ogg.m3u	0
(flc) DHECTAR Dance	http://manager.dhectar.fr:1080/stream	0
(flc) DHECTAR Hits	http://manager.dhectar.fr:1110/stream	0
(flc) Djam Radio - Eclectic popular music	https://stream10.xdevel.com/audio15s976748-2280/stream/icecast.audio	0
(flc) Frequence3 - Dance	https://frequence3.net-radio.fr/frequence3dance.flac	0
(flc) Frequence3 - French Webradio live from Paris	http://hd.stream.frequence3.net/frequence3.flac	0
(flc) Insanityradio - Community Radio on FM and Internet	https://stream.cor.insanityradio.com/insanity.flac	0
(flc) Intenseradio - We Love Dance!	https://secure.live-streams.nl/flac.flac	0
(flc) Joy Hits - Fresh Music Only!	http://joyhits.online/joyhits.flac.ogg	0
(flc) Le Bon Mix	https://stream10.xdevel.com/audio17s976748-2218/stream/icecast.audio	0
(flc) Le Son Parisien - Electronic, Indie, Alternative and Lounge	http://stream.lesonparisien.com/live.flac	0
(flc) Pi ano - Piano music	https://stream.p-node.org/piano	0
(flc) Roxy Radio - Rock, Pop and Chillout Pop	https://s2.audiostream.hu/roxy_FLAC	0
(flc) Sing Sing Eclectic	http://stream.sing-sing-bis.org:8000/singsingFlac	0
(flc) RadioBlues Flac	https://streams.radiomast.io/radioblues-flac	0
(flc) Royalty Free Music 24/7	https://streams.radiomast.io/ref-lossless-ogg-flac-stereo	0
Романтический шансон	http://chanson.hostingradio.ru:8041/chanson-romantic256.mp3	0
ШАНСОН БЕЗ ЦЕНЗУРЫ [CHANSONUNCENSORED]	http://chanson.hostingradio.ru:8041/chanson-uncensored128.mp3	0
Radio Caprice - Erotic	http://79.120.39.202:8000/erotic	0
Radio Caprice - Vocal Trance	http://79.120.39.202:9031/;	0
ULTRA	http://nashe1.hostingradio.ru/ultra-256	0
анекдот фм	http://ic6.101.ru:8000/stream/trust/mp3/128/20	0
Anima Amoris - Goa Psy Trance	http://amoris.sknt.ru/goa.mp3	0
Radio Caprice - Indian Spiritual Music	http://213.141.131.10:8004/mantras	0
Enigma	http://stream.dar.fm/125334	0
Radio Caprice - Saxophone	http://79.120.77.11:8000/saxophone?	0
Radio Caprice - Space Music	http://79.111.119.111:8000/spacemusic	0
Radio Caprice Industrial/Dark/Ritual Ambient	http://79.120.39.202:9095/	0
Ретро FM — Вечеринка	https://hls-01-retro-vecherinka.emgsound.ru/20/playlist.m3u8	0
Наше Радио ЩАС СПОЮ	http://nashe1.hostingradio.ru/nashesongs.mp3	0
Радио МИР	https://icecast-mirtv.cdnvideo.ru/radio_mir_256	0
Дядя Ваня на даче (18+) 	https://ic1.radiosignal.one/vanya-mp3	0
Радио Монте Карло - Wonderful Blues	https://mc-blues.hostingradio.ru/blues96.aacp	0
Радио Атмосфера	http://185.64.76.49:8000/128.m3u	0
Милицейская волна НН	https://radiomv.hostingradio.ru:80/radiomv128.mp3	0
Радио Монте Карло - Meditation	https://mc-meditation.hostingradio.ru/meditation96.aacp	0
Radio Caprice Organ (Classic)	http://79.120.77.11:9051/	0
Radio Caprice Minimalism	http://213.141.131.10:8000/minimalism	0
Radio Monte Carlo - Bossa Nova	https://mc-mcbossa.hostingradio.ru/mcbossa96.aacp?listening-from-radio-garden=1645969315	0
Радио Рекорд Jungle	http://radiorecord.hostingradio.ru/jungle96.aacp	0
Настоящее Время	http://rfe-ingest.akamaized.net/hls/live/2033043/tvmc05/playlist_0240.m3u8	0
Radio Caprice - АВТОРСКАЯ / БАРДОВСКАЯ ПЕСНЯ	http://79.120.39.202:9021/	0
Высоцкий	https://rr-vysockij.hostingradio.ru/vysockij96.aacp	0
Радио Монте Карло Песни оЛюбви	https://mc-pesniolyubvi.hostingradio.ru/pesniolyubvi96.aacp?95a0	0
Cassiopeia Station (Наука)	https://stream.cassiopeia-station.ru:1095/stream	0
EuropaPplus Top 40	http://eptop128.streamr.ru/	0
Бард-Радио	https://listen.myrh.ru/Bard-Radio	0
